{
  "$schema": "https://schema.management.azure.com/schemas/2015-01-01/deploymentTemplate.json#",
  "contentVersion": "1.0.0.0",
  "parameters": {
    "_artifactsLocation": {
      "type": "string"
    },
    "_artifactsLocationSasToken": {
      "type": "securestring"
    }
  },
  "variables": {
    "DatalakeTemplateFolder": "nestedtemplates",
    "DatalakeTemplateFileName": "Datalake.json",
    "DatalakeTemplateParametersFileName": "Datalake.parameters.json",
    "webappTemplateFolder": "nestedtemplates",
    "webappTemplateFileName": "webapp.json",
    "webappTemplateParametersFileName": "webapp.parameters.json",
    "SQLdbTemplateFolder": "nestedtemplates",
    "SQLdbTemplateFileName": "SQLdb.json",
    "SQLdbTemplateParametersFileName": "SQLdb.parameters.json"
  },
  "resources": [
    {
      "name": "Datalakestore",
      "type": "Microsoft.Resources/deployments",
      "apiVersion": "2016-09-01",
      "dependsOn": [],
      "properties": {
        "mode": "Incremental",
        "templateLink": {
          "uri": "https://raw.githubusercontent.com/clouduser2020/AzureARMtemplate/master/Datalakestore/datalakestore.json",
          "contentVersion": "1.0.0.0"
        },
        "parametersLink": {
          "uri": "https://raw.githubusercontent.com/clouduser2020/AzureARMtemplate/master/Datalakestore/datalakestore.parameters.json",
          "contentVersion": "1.0.0.0"
        }
      }
    },
    {
      "name": "webapp",
      "type": "Microsoft.Resources/deployments",
      "apiVersion": "2016-09-01",
      "dependsOn": [],
      "properties": {
        "mode": "Incremental",
        "templateLink": {
          "uri": "https://raw.githubusercontent.com/clouduser2020/AzureARMtemplate/master/Webapp/WebSite.json",
          "contentVersion": "1.0.0.0"
        },
        "parametersLink": {
          "uri": "https://raw.githubusercontent.com/clouduser2020/AzureARMtemplate/master/Webapp/WebSite.parameters.json",
          "contentVersion": "1.0.0.0"
        }
      }
    },
    {
      "name": "SQLdb",
      "type": "Microsoft.Resources/deployments",
      "apiVersion": "2016-09-01",
      "dependsOn": [],
      "properties": {
        "mode": "Incremental",
        "templateLink": {
          "uri": "https://raw.githubusercontent.com/clouduser2020/AzureARMtemplate/master/AzureSQL/sqldb.json",
          "contentVersion": "1.0.0.0"
        },
        "parametersLink": {
          "uri": "https://raw.githubusercontent.com/clouduser2020/AzureARMtemplate/master/AzureSQL/sqldb.parameters.json",
          "contentVersion": "1.0.0.0"
        }
      }
    }
  ],
  "outputs": {}
}
