{
  "$schema": "https://schema.management.azure.com/schemas/2015-01-01/deploymentTemplate.json#",
  "contentVersion": "1.0.0.0",
  "parameters": {
    "_artifactsLocation": {
      "type": "string"
    },
    "_artifactsLocationSasToken": {
      "type": "securestring"
    }
  },
  "variables": {
    "nestdeployTemplateFolder": "nestedtemplates",
    "nestdeployTemplateFileName": "nestdeploy.json",
    "nestdeployTemplateParametersFileName": "nestdeploy.parameters.json",
    "nestedbackupTemplateFolder": "nestedtemplates",
    "nestedbackupTemplateFileName": "nestedbackup.json",
    "nestedbackupTemplateParametersFileName": "nestedbackup.parameters.json",
    "nestbackupTemplateFolder": "nestedtemplates",
    "nestbackupTemplateFileName": "nestbackup.json",
    "nestbackupTemplateParametersFileName": "nestbackup.parameters.json"
  },
  "resources": [
    {
      "name": "keyvault",
      "type": "Microsoft.Resources/deployments",
      "apiVersion": "2016-09-01",
      "dependsOn": [],
      "properties": {
        "mode": "Incremental",
        "templateLink": {
          "uri": "https://raw.githubusercontent.com/clouduser2020/AzureARMtemplate/master/keyvault/keyvault.json",
          "contentVersion": "1.0.0.0"
        },
        "parametersLink": {
          "uri": "https://raw.githubusercontent.com/clouduser2020/AzureARMtemplate/master/keyvault/keyvault.parameters.json",
          "contentVersion": "1.0.0.0"
        }
      }
    },
    {
      "name": "backup",
      "type": "Microsoft.Resources/deployments",
      "apiVersion": "2016-09-01",
      "dependsOn": [],
      "properties": {
        "mode": "Incremental",
        "templateLink": {
          "uri": "https://raw.githubusercontent.com/clouduser2020/AzureARMtemplate/master/Backup/backup.json",
          "contentVersion": "1.0.0.0"
        },
        "parametersLink": {
          "uri": "https://raw.githubusercontent.com/clouduser2020/AzureARMtemplate/master/Backup/backup.parameters.json",
          "contentVersion": "1.0.0.0"
        }
      }
    }

  ],
  "outputs": {}
}
